"PSPath","PSParentPath","PSChildName","PSDrive","PSProvider","PSIsContainer","Mode","VersionInfo","BaseName","Target","LinkType","Name","Length","DirectoryName","Directory","IsReadOnly","Exists","FullName","Extension","CreationTime","CreationTimeUtc","LastAccessTime","LastAccessTimeUtc","LastWriteTime","LastWriteTimeUtc","Attributes"
"Microsoft.PowerShell.Core\FileSystem::C:\Users\IT PC 2\Documents\projects\habesha movers\public\truck\archibase.net.txt","Microsoft.PowerShell.Core\FileSystem::C:\Users\IT PC 2\Documents\projects\habesha movers\public\truck","archibase.net.txt","C","Microsoft.PowerShell.Core\FileSystem","False","-a----","File:             C:\Users\IT PC 2\Documents\projects\habesha movers\public\truck\archibase.net.txt
InternalName:     
OriginalFilename: 
FileVersion:      
FileDescription:  
Product:          
ProductVersion:   
Debug:            False
Patched:          False
PreRelease:       False
PrivateBuild:     False
SpecialBuild:     False
Language:         
","archibase.net","System.Collections.Generic.List`1[System.String]",,"archibase.net.txt","52","C:\Users\IT PC 2\Documents\projects\habesha movers\public\truck","C:\Users\IT PC 2\Documents\projects\habesha movers\public\truck","False","True","C:\Users\IT PC 2\Documents\projects\habesha movers\public\truck\archibase.net.txt",".txt","1/12/2026 6:58:28 PM","1/12/2026 3:58:28 PM","1/31/2026 9:30:45 AM","1/31/2026 6:30:45 AM","6/2/2008 12:53:06 PM","6/2/2008 9:53:06 AM","Archive"
"Microsoft.PowerShell.Core\FileSystem::C:\Users\IT PC 2\Documents\projects\habesha movers\public\truck\Car 2012 Iveco Stralis Traffic Truck Forza Horizon Cars N310119.3ds","Microsoft.PowerShell.Core\FileSystem::C:\Users\IT PC 2\Documents\projects\habesha movers\public\truck","Car 2012 Iveco Stralis Traffic Truck Forza Horizon Cars N310119.3ds","C","Microsoft.PowerShell.Core\FileSystem","False","-a----","File:             C:\Users\IT PC 2\Documents\projects\habesha movers\public\truck\Car 2012 Iveco Stralis Traffic Truck Forza Horizon Cars N310119.3ds
InternalName:     
OriginalFilename: 
FileVersion:      
FileDescription:  
Product:          
ProductVersion:   
Debug:            False
Patched:          False
PreRelease:       False
PrivateBuild:     False
SpecialBuild:     False
Language:         
","Car 2012 Iveco Stralis Traffic Truck Forza Horizon Cars N310119","System.Collections.Generic.List`1[System.String]",,"Car 2012 Iveco Stralis Traffic Truck Forza Horizon Cars N310119.3ds","510340","C:\Users\IT PC 2\Documents\projects\habesha movers\public\truck","C:\Users\IT PC 2\Documents\projects\habesha movers\public\truck","False","True","C:\Users\IT PC 2\Documents\projects\habesha movers\public\truck\Car 2012 Iveco Stralis Traffic Truck Forza Horizon Cars N310119.3ds",".3ds","1/12/2026 6:58:28 PM","1/12/2026 3:58:28 PM","1/31/2026 9:30:45 AM","1/31/2026 6:30:45 AM","1/31/2019 9:56:54 AM","1/31/2019 6:56:54 AM","Archive"
"Microsoft.PowerShell.Core\FileSystem::C:\Users\IT PC 2\Documents\projects\habesha movers\public\truck\Car 2012 Iveco Stralis Traffic Truck Forza Horizon Cars N310119.gsm","Microsoft.PowerShell.Core\FileSystem::C:\Users\IT PC 2\Documents\projects\habesha movers\public\truck","Car 2012 Iveco Stralis Traffic Truck Forza Horizon Cars N310119.gsm","C","Microsoft.PowerShell.Core\FileSystem","False","-a----","File:             C:\Users\IT PC 2\Documents\projects\habesha movers\public\truck\Car 2012 Iveco Stralis Traffic Truck Forza Horizon Cars N310119.gsm
InternalName:     
OriginalFilename: 
FileVersion:      
FileDescription:  
Product:          
ProductVersion:   
Debug:            False
Patched:          False
PreRelease:       False
PrivateBuild:     False
SpecialBuild:     False
Language:         
","Car 2012 Iveco Stralis Traffic Truck Forza Horizon Cars N310119","System.Collections.Generic.List`1[System.String]",,"Car 2012 Iveco Stralis Traffic Truck Forza Horizon Cars N310119.gsm","2855478","C:\Users\IT PC 2\Documents\projects\habesha movers\public\truck","C:\Users\IT PC 2\Documents\projects\habesha movers\public\truck","False","True","C:\Users\IT PC 2\Documents\projects\habesha movers\public\truck\Car 2012 Iveco Stralis Traffic Truck Forza Horizon Cars N310119.gsm",".gsm","1/12/2026 6:58:28 PM","1/12/2026 3:58:28 PM","1/31/2026 9:30:45 AM","1/31/2026 6:30:45 AM","1/31/2019 10:01:14 AM","1/31/2019 7:01:14 AM","Archive"
"Microsoft.PowerShell.Core\FileSystem::C:\Users\IT PC 2\Documents\projects\habesha movers\public\truck\Car 2012 Iveco Stralis Traffic Truck Forza Horizon Cars N310119.max","Microsoft.PowerShell.Core\FileSystem::C:\Users\IT PC 2\Documents\projects\habesha movers\public\truck","Car 2012 Iveco Stralis Traffic Truck Forza Horizon Cars N310119.max","C","Microsoft.PowerShell.Core\FileSystem","False","-a----","File:             C:\Users\IT PC 2\Documents\projects\habesha movers\public\truck\Car 2012 Iveco Stralis Traffic Truck Forza Horizon Cars N310119.max
InternalName:     
OriginalFilename: 
FileVersion:      
FileDescription:  
Product:          
ProductVersion:   
Debug:            False
Patched:          False
PreRelease:       False
PrivateBuild:     False
SpecialBuild:     False
Language:         
","Car 2012 Iveco Stralis Traffic Truck Forza Horizon Cars N310119","System.Collections.Generic.List`1[System.String]",,"Car 2012 Iveco Stralis Traffic Truck Forza Horizon Cars N310119.max","2867200","C:\Users\IT PC 2\Documents\projects\habesha movers\public\truck","C:\Users\IT PC 2\Documents\projects\habesha movers\public\truck","False","True","C:\Users\IT PC 2\Documents\projects\habesha movers\public\truck\Car 2012 Iveco Stralis Traffic Truck Forza Horizon Cars N310119.max",".max","1/12/2026 6:58:28 PM","1/12/2026 3:58:28 PM","1/31/2026 9:30:46 AM","1/31/2026 6:30:46 AM","1/31/2019 9:01:46 AM","1/31/2019 6:01:46 AM","Archive"
"Microsoft.PowerShell.Core\FileSystem::C:\Users\IT PC 2\Documents\projects\habesha movers\public\truck\damage.png","Microsoft.PowerShell.Core\FileSystem::C:\Users\IT PC 2\Documents\projects\habesha movers\public\truck","damage.png","C","Microsoft.PowerShell.Core\FileSystem","False","-a----","File:             C:\Users\IT PC 2\Documents\projects\habesha movers\public\truck\damage.png
InternalName:     
OriginalFilename: 
FileVersion:      
FileDescription:  
Product:          
ProductVersion:   
Debug:            False
Patched:          False
PreRelease:       False
PrivateBuild:     False
SpecialBuild:     False
Language:         
","damage","System.Collections.Generic.List`1[System.String]",,"damage.png","6920","C:\Users\IT PC 2\Documents\projects\habesha movers\public\truck","C:\Users\IT PC 2\Documents\projects\habesha movers\public\truck","False","True","C:\Users\IT PC 2\Documents\projects\habesha movers\public\truck\damage.png",".png","1/12/2026 6:58:28 PM","1/12/2026 3:58:28 PM","1/31/2026 9:30:46 AM","1/31/2026 6:30:46 AM","6/22/2015 3:27:32 PM","6/22/2015 12:27:32 PM","Archive"
"Microsoft.PowerShell.Core\FileSystem::C:\Users\IT PC 2\Documents\projects\habesha movers\public\truck\damageLights.png","Microsoft.PowerShell.Core\FileSystem::C:\Users\IT PC 2\Documents\projects\habesha movers\public\truck","damageLights.png","C","Microsoft.PowerShell.Core\FileSystem","False","-a----","File:             C:\Users\IT PC 2\Documents\projects\habesha movers\public\truck\damageLights.png
InternalName:     
OriginalFilename: 
FileVersion:      
FileDescription:  
Product:          
ProductVersion:   
Debug:            False
Patched:          False
PreRelease:       False
PrivateBuild:     False
SpecialBuild:     False
Language:         
","damageLights","System.Collections.Generic.List`1[System.String]",,"damageLights.png","69326","C:\Users\IT PC 2\Documents\projects\habesha movers\public\truck","C:\Users\IT PC 2\Documents\projects\habesha movers\public\truck","False","True","C:\Users\IT PC 2\Documents\projects\habesha movers\public\truck\damageLights.png",".png","1/12/2026 6:58:28 PM","1/12/2026 3:58:28 PM","1/31/2026 9:30:46 AM","1/31/2026 6:30:46 AM","6/22/2015 3:27:32 PM","6/22/2015 12:27:32 PM","Archive"
"Microsoft.PowerShell.Core\FileSystem::C:\Users\IT PC 2\Documents\projects\habesha movers\public\truck\damageLights_a.png","Microsoft.PowerShell.Core\FileSystem::C:\Users\IT PC 2\Documents\projects\habesha movers\public\truck","damageLights_a.png","C","Microsoft.PowerShell.Core\FileSystem","False","-a----","File:             C:\Users\IT PC 2\Documents\projects\habesha movers\public\truck\damageLights_a.png
InternalName:     
OriginalFilename: 
FileVersion:      
FileDescription:  
Product:          
ProductVersion:   
Debug:            False
Patched:          False
PreRelease:       False
PrivateBuild:     False
SpecialBuild:     False
Language:         
","damageLights_a","System.Collections.Generic.List`1[System.String]",,"damageLights_a.png","25199","C:\Users\IT PC 2\Documents\projects\habesha movers\public\truck","C:\Users\IT PC 2\Documents\projects\habesha movers\public\truck","False","True","C:\Users\IT PC 2\Documents\projects\habesha movers\public\truck\damageLights_a.png",".png","1/12/2026 6:58:28 PM","1/12/2026 3:58:28 PM","1/31/2026 9:30:46 AM","1/31/2026 6:30:46 AM","6/22/2015 3:01:24 PM","6/22/2015 12:01:24 PM","Archive"
"Microsoft.PowerShell.Core\FileSystem::C:\Users\IT PC 2\Documents\projects\habesha movers\public\truck\damageLights_LOD0.png","Microsoft.PowerShell.Core\FileSystem::C:\Users\IT PC 2\Documents\projects\habesha movers\public\truck","damageLights_LOD0.png","C","Microsoft.PowerShell.Core\FileSystem","False","-a----","File:             C:\Users\IT PC 2\Documents\projects\habesha movers\public\truck\damageLights_LOD0.png
InternalName:     
OriginalFilename: 
FileVersion:      
FileDescription:  
Product:          
ProductVersion:   
Debug:            False
Patched:          False
PreRelease:       False
PrivateBuild:     False
SpecialBuild:     False
Language:         
","damageLights_LOD0","System.Collections.Generic.List`1[System.String]",,"damageLights_LOD0.png","266230","C:\Users\IT PC 2\Documents\projects\habesha movers\public\truck","C:\Users\IT PC 2\Documents\projects\habesha movers\public\truck","False","True","C:\Users\IT PC 2\Documents\projects\habesha movers\public\truck\damageLights_LOD0.png",".png","1/12/2026 6:58:28 PM","1/12/2026 3:58:28 PM","1/31/2026 9:30:46 AM","1/31/2026 6:30:46 AM","6/22/2015 3:27:32 PM","6/22/2015 12:27:32 PM","Archive"
"Microsoft.PowerShell.Core\FileSystem::C:\Users\IT PC 2\Documents\projects\habesha movers\public\truck\damageLights_LOD0_a.png","Microsoft.PowerShell.Core\FileSystem::C:\Users\IT PC 2\Documents\projects\habesha movers\public\truck","damageLights_LOD0_a.png","C","Microsoft.PowerShell.Core\FileSystem","False","-a----","File:             C:\Users\IT PC 2\Documents\projects\habesha movers\public\truck\damageLights_LOD0_a.png
InternalName:     
OriginalFilename: 
FileVersion:      
FileDescription:  
Product:          
ProductVersion:   
Debug:            False
Patched:          False
PreRelease:       False
PrivateBuild:     False
SpecialBuild:     False
Language:         
","damageLights_LOD0_a","System.Collections.Generic.List`1[System.String]",,"damageLights_LOD0_a.png","102443","C:\Users\IT PC 2\Documents\projects\habesha movers\public\truck","C:\Users\IT PC 2\Documents\projects\habesha movers\public\truck","False","True","C:\Users\IT PC 2\Documents\projects\habesha movers\public\truck\damageLights_LOD0_a.png",".png","1/12/2026 6:58:28 PM","1/12/2026 3:58:28 PM","1/31/2026 9:30:46 AM","1/31/2026 6:30:46 AM","6/22/2015 3:01:26 PM","6/22/2015 12:01:26 PM","Archive"
"Microsoft.PowerShell.Core\FileSystem::C:\Users\IT PC 2\Documents\projects\habesha movers\public\truck\damage_a.png","Microsoft.PowerShell.Core\FileSystem::C:\Users\IT PC 2\Documents\projects\habesha movers\public\truck","damage_a.png","C","Microsoft.PowerShell.Core\FileSystem","False","-a----","File:             C:\Users\IT PC 2\Documents\projects\habesha movers\public\truck\damage_a.png
InternalName:     
OriginalFilename: 
FileVersion:      
FileDescription:  
Product:          
ProductVersion:   
Debug:            False
Patched:          False
PreRelease:       False
PrivateBuild:     False
SpecialBuild:     False
Language:         
","damage_a","System.Collections.Generic.List`1[System.String]",,"damage_a.png","706","C:\Users\IT PC 2\Documents\projects\habesha movers\public\truck","C:\Users\IT PC 2\Documents\projects\habesha movers\public\truck","False","True","C:\Users\IT PC 2\Documents\projects\habesha movers\public\truck\damage_a.png",".png","1/12/2026 6:58:28 PM","1/12/2026 3:58:28 PM","1/31/2026 9:30:46 AM","1/31/2026 6:30:46 AM","6/22/2015 3:01:12 PM","6/22/2015 12:01:12 PM","Archive"
"Microsoft.PowerShell.Core\FileSystem::C:\Users\IT PC 2\Documents\projects\habesha movers\public\truck\damage_LOD0.png","Microsoft.PowerShell.Core\FileSystem::C:\Users\IT PC 2\Documents\projects\habesha movers\public\truck","damage_LOD0.png","C","Microsoft.PowerShell.Core\FileSystem","False","-a----","File:             C:\Users\IT PC 2\Documents\projects\habesha movers\public\truck\damage_LOD0.png
InternalName:     
OriginalFilename: 
FileVersion:      
FileDescription:  
Product:          
ProductVersion:   
Debug:            False
Patched:          False
PreRelease:       False
PrivateBuild:     False
SpecialBuild:     False
Language:         
","damage_LOD0","System.Collections.Generic.List`1[System.String]",,"damage_LOD0.png","20196","C:\Users\IT PC 2\Documents\projects\habesha movers\public\truck","C:\Users\IT PC 2\Documents\projects\habesha movers\public\truck","False","True","C:\Users\IT PC 2\Documents\projects\habesha movers\public\truck\damage_LOD0.png",".png","1/12/2026 6:58:28 PM","1/12/2026 3:58:28 PM","1/31/2026 9:30:46 AM","1/31/2026 6:30:46 AM","6/22/2015 3:27:32 PM","6/22/2015 12:27:32 PM","Archive"
"Microsoft.PowerShell.Core\FileSystem::C:\Users\IT PC 2\Documents\projects\habesha movers\public\truck\damage_LOD0_a.png","Microsoft.PowerShell.Core\FileSystem::C:\Users\IT PC 2\Documents\projects\habesha movers\public\truck","damage_LOD0_a.png","C","Microsoft.PowerShell.Core\FileSystem","False","-a----","File:             C:\Users\IT PC 2\Documents\projects\habesha movers\public\truck\damage_LOD0_a.png
InternalName:     
OriginalFilename: 
FileVersion:      
FileDescription:  
Product:          
ProductVersion:   
Debug:            False
Patched:          False
PreRelease:       False
PrivateBuild:     False
SpecialBuild:     False
Language:         
","damage_LOD0_a","System.Collections.Generic.List`1[System.String]",,"damage_LOD0_a.png","1773","C:\Users\IT PC 2\Documents\projects\habesha movers\public\truck","C:\Users\IT PC 2\Documents\projects\habesha movers\public\truck","False","True","C:\Users\IT PC 2\Documents\projects\habesha movers\public\truck\damage_LOD0_a.png",".png","1/12/2026 6:58:28 PM","1/12/2026 3:58:28 PM","1/31/2026 9:30:46 AM","1/31/2026 6:30:46 AM","6/22/2015 3:01:18 PM","6/22/2015 12:01:18 PM","Archive"
"Microsoft.PowerShell.Core\FileSystem::C:\Users\IT PC 2\Documents\projects\habesha movers\public\truck\darkrefl.jpg","Microsoft.PowerShell.Core\FileSystem::C:\Users\IT PC 2\Documents\projects\habesha movers\public\truck","darkrefl.jpg","C","Microsoft.PowerShell.Core\FileSystem","False","-a----","File:             C:\Users\IT PC 2\Documents\projects\habesha movers\public\truck\darkrefl.jpg
InternalName:     
OriginalFilename: 
FileVersion:      
FileDescription:  
Product:          
ProductVersion:   
Debug:            False
Patched:          False
PreRelease:       False
PrivateBuild:     False
SpecialBuild:     False
Language:         
","darkrefl","System.Collections.Generic.List`1[System.String]",,"darkrefl.jpg","35957","C:\Users\IT PC 2\Documents\projects\habesha movers\public\truck","C:\Users\IT PC 2\Documents\projects\habesha movers\public\truck","False","True","C:\Users\IT PC 2\Documents\projects\habesha movers\public\truck\darkrefl.jpg",".jpg","1/12/2026 6:58:28 PM","1/12/2026 3:58:28 PM","1/31/2026 9:30:46 AM","1/31/2026 6:30:46 AM","1/31/2019 8:46:38 AM","1/31/2019 5:46:38 AM","Archive"
"Microsoft.PowerShell.Core\FileSystem::C:\Users\IT PC 2\Documents\projects\habesha movers\public\truck\darkrefl.png","Microsoft.PowerShell.Core\FileSystem::C:\Users\IT PC 2\Documents\projects\habesha movers\public\truck","darkrefl.png","C","Microsoft.PowerShell.Core\FileSystem","False","-a----","File:             C:\Users\IT PC 2\Documents\projects\habesha movers\public\truck\darkrefl.png
InternalName:     
OriginalFilename: 
FileVersion:      
FileDescription:  
Product:          
ProductVersion:   
Debug:            False
Patched:          False
PreRelease:       False
PrivateBuild:     False
SpecialBuild:     False
Language:         
","darkrefl","System.Collections.Generic.List`1[System.String]",,"darkrefl.png","34370","C:\Users\IT PC 2\Documents\projects\habesha movers\public\truck","C:\Users\IT PC 2\Documents\projects\habesha movers\public\truck","False","True","C:\Users\IT PC 2\Documents\projects\habesha movers\public\truck\darkrefl.png",".png","1/12/2026 6:58:28 PM","1/12/2026 3:58:28 PM","1/31/2026 9:30:46 AM","1/31/2026 6:30:46 AM","6/29/2015 5:51:14 PM","6/29/2015 2:51:14 PM","Archive"
"Microsoft.PowerShell.Core\FileSystem::C:\Users\IT PC 2\Documents\projects\habesha movers\public\truck\green-03.jpg","Microsoft.PowerShell.Core\FileSystem::C:\Users\IT PC 2\Documents\projects\habesha movers\public\truck","green-03.jpg","C","Microsoft.PowerShell.Core\FileSystem","False","-a----","File:             C:\Users\IT PC 2\Documents\projects\habesha movers\public\truck\green-03.jpg
InternalName:     
OriginalFilename: 
FileVersion:      
FileDescription:  
Product:          
ProductVersion:   
Debug:            False
Patched:          False
PreRelease:       False
PrivateBuild:     False
SpecialBuild:     False
Language:         
","green-03","System.Collections.Generic.List`1[System.String]",,"green-03.jpg","209790","C:\Users\IT PC 2\Documents\projects\habesha movers\public\truck","C:\Users\IT PC 2\Documents\projects\habesha movers\public\truck","False","True","C:\Users\IT PC 2\Documents\projects\habesha movers\public\truck\green-03.jpg",".jpg","1/12/2026 6:58:28 PM","1/12/2026 3:58:28 PM","1/31/2026 9:30:46 AM","1/31/2026 6:30:46 AM","1/31/2019 9:26:26 AM","1/31/2019 6:26:26 AM","Archive"
"Microsoft.PowerShell.Core\FileSystem::C:\Users\IT PC 2\Documents\projects\habesha movers\public\truck\images.jpg","Microsoft.PowerShell.Core\FileSystem::C:\Users\IT PC 2\Documents\projects\habesha movers\public\truck","images.jpg","C","Microsoft.PowerShell.Core\FileSystem","False","-a----","File:             C:\Users\IT PC 2\Documents\projects\habesha movers\public\truck\images.jpg
InternalName:     
OriginalFilename: 
FileVersion:      
FileDescription:  
Product:          
ProductVersion:   
Debug:            False
Patched:          False
PreRelease:       False
PrivateBuild:     False
SpecialBuild:     False
Language:         
","images","System.Collections.Generic.List`1[System.String]",,"images.jpg","1883","C:\Users\IT PC 2\Documents\projects\habesha movers\public\truck","C:\Users\IT PC 2\Documents\projects\habesha movers\public\truck","False","True","C:\Users\IT PC 2\Documents\projects\habesha movers\public\truck\images.jpg",".jpg","1/12/2026 6:58:28 PM","1/12/2026 3:58:28 PM","1/31/2026 9:30:46 AM","1/31/2026 6:30:46 AM","1/31/2019 9:26:10 AM","1/31/2019 6:26:10 AM","Archive"
"Microsoft.PowerShell.Core\FileSystem::C:\Users\IT PC 2\Documents\projects\habesha movers\public\truck\L1.max","Microsoft.PowerShell.Core\FileSystem::C:\Users\IT PC 2\Documents\projects\habesha movers\public\truck","L1.max","C","Microsoft.PowerShell.Core\FileSystem","False","-a----","File:             C:\Users\IT PC 2\Documents\projects\habesha movers\public\truck\L1.max
InternalName:     
OriginalFilename: 
FileVersion:      
FileDescription:  
Product:          
ProductVersion:   
Debug:            False
Patched:          False
PreRelease:       False
PrivateBuild:     False
SpecialBuild:     False
Language:         
","L1","System.Collections.Generic.List`1[System.String]",,"L1.max","615424","C:\Users\IT PC 2\Documents\projects\habesha movers\public\truck","C:\Users\IT PC 2\Documents\projects\habesha movers\public\truck","False","True","C:\Users\IT PC 2\Documents\projects\habesha movers\public\truck\L1.max",".max","1/12/2026 6:58:28 PM","1/12/2026 3:58:28 PM","1/31/2026 9:30:46 AM","1/31/2026 6:30:46 AM","6/30/2015 2:02:04 PM","6/30/2015 11:02:04 AM","Archive"
"Microsoft.PowerShell.Core\FileSystem::C:\Users\IT PC 2\Documents\projects\habesha movers\public\truck\lights.jpg","Microsoft.PowerShell.Core\FileSystem::C:\Users\IT PC 2\Documents\projects\habesha movers\public\truck","lights.jpg","C","Microsoft.PowerShell.Core\FileSystem","False","-a----","File:             C:\Users\IT PC 2\Documents\projects\habesha movers\public\truck\lights.jpg
InternalName:     
OriginalFilename: 
FileVersion:      
FileDescription:  
Product:          
ProductVersion:   
Debug:            False
Patched:          False
PreRelease:       False
PrivateBuild:     False
SpecialBuild:     False
Language:         
","lights","System.Collections.Generic.List`1[System.String]",,"lights.jpg","30119","C:\Users\IT PC 2\Documents\projects\habesha movers\public\truck","C:\Users\IT PC 2\Documents\projects\habesha movers\public\truck","False","True","C:\Users\IT PC 2\Documents\projects\habesha movers\public\truck\lights.jpg",".jpg","1/12/2026 6:58:28 PM","1/12/2026 3:58:28 PM","1/31/2026 9:30:46 AM","1/31/2026 6:30:46 AM","1/31/2019 8:44:02 AM","1/31/2019 5:44:02 AM","Archive"
"Microsoft.PowerShell.Core\FileSystem::C:\Users\IT PC 2\Documents\projects\habesha movers\public\truck\lights.png","Microsoft.PowerShell.Core\FileSystem::C:\Users\IT PC 2\Documents\projects\habesha movers\public\truck","lights.png","C","Microsoft.PowerShell.Core\FileSystem","False","-a----","File:             C:\Users\IT PC 2\Documents\projects\habesha movers\public\truck\lights.png
InternalName:     
OriginalFilename: 
FileVersion:      
FileDescription:  
Product:          
ProductVersion:   
Debug:            False
Patched:          False
PreRelease:       False
PrivateBuild:     False
SpecialBuild:     False
Language:         
","lights","System.Collections.Generic.List`1[System.String]",,"lights.png","32394","C:\Users\IT PC 2\Documents\projects\habesha movers\public\truck","C:\Users\IT PC 2\Documents\projects\habesha movers\public\truck","False","True","C:\Users\IT PC 2\Documents\projects\habesha movers\public\truck\lights.png",".png","1/12/2026 6:58:28 PM","1/12/2026 3:58:28 PM","1/31/2026 9:30:46 AM","1/31/2026 6:30:46 AM","6/22/2015 3:27:32 PM","6/22/2015 12:27:32 PM","Archive"
"Microsoft.PowerShell.Core\FileSystem::C:\Users\IT PC 2\Documents\projects\habesha movers\public\truck\lights_a.jpg","Microsoft.PowerShell.Core\FileSystem::C:\Users\IT PC 2\Documents\projects\habesha movers\public\truck","lights_a.jpg","C","Microsoft.PowerShell.Core\FileSystem","False","-a----","File:             C:\Users\IT PC 2\Documents\projects\habesha movers\public\truck\lights_a.jpg
InternalName:     
OriginalFilename: 
FileVersion:      
FileDescription:  
Product:          
ProductVersion:   
Debug:            False
Patched:          False
PreRelease:       False
PrivateBuild:     False
SpecialBuild:     False
Language:         
","lights_a","System.Collections.Generic.List`1[System.String]",,"lights_a.jpg","28945","C:\Users\IT PC 2\Documents\projects\habesha movers\public\truck","C:\Users\IT PC 2\Documents\projects\habesha movers\public\truck","False","True","C:\Users\IT PC 2\Documents\projects\habesha movers\public\truck\lights_a.jpg",".jpg","1/12/2026 6:58:28 PM","1/12/2026 3:58:28 PM","1/31/2026 9:30:46 AM","1/31/2026 6:30:46 AM","1/31/2019 8:44:18 AM","1/31/2019 5:44:18 AM","Archive"
"Microsoft.PowerShell.Core\FileSystem::C:\Users\IT PC 2\Documents\projects\habesha movers\public\truck\lights_a.png","Microsoft.PowerShell.Core\FileSystem::C:\Users\IT PC 2\Documents\projects\habesha movers\public\truck","lights_a.png","C","Microsoft.PowerShell.Core\FileSystem","False","-a----","File:             C:\Users\IT PC 2\Documents\projects\habesha movers\public\truck\lights_a.png
InternalName:     
OriginalFilename: 
FileVersion:      
FileDescription:  
Product:          
ProductVersion:   
Debug:            False
Patched:          False
PreRelease:       False
PrivateBuild:     False
SpecialBuild:     False
Language:         
","lights_a","System.Collections.Generic.List`1[System.String]",,"lights_a.png","25398","C:\Users\IT PC 2\Documents\projects\habesha movers\public\truck","C:\Users\IT PC 2\Documents\projects\habesha movers\public\truck","False","True","C:\Users\IT PC 2\Documents\projects\habesha movers\public\truck\lights_a.png",".png","1/12/2026 6:58:28 PM","1/12/2026 3:58:28 PM","1/31/2026 9:30:46 AM","1/31/2026 6:30:46 AM","6/22/2015 3:01:42 PM","6/22/2015 12:01:42 PM","Archive"
"Microsoft.PowerShell.Core\FileSystem::C:\Users\IT PC 2\Documents\projects\habesha movers\public\truck\lights_LOD0.png","Microsoft.PowerShell.Core\FileSystem::C:\Users\IT PC 2\Documents\projects\habesha movers\public\truck","lights_LOD0.png","C","Microsoft.PowerShell.Core\FileSystem","False","-a----","File:             C:\Users\IT PC 2\Documents\projects\habesha movers\public\truck\lights_LOD0.png
InternalName:     
OriginalFilename: 
FileVersion:      
FileDescription:  
Product:          
ProductVersion:   
Debug:            False
Patched:          False
PreRelease:       False
PrivateBuild:     False
SpecialBuild:     False
Language:         
","lights_LOD0","System.Collections.Generic.List`1[System.String]",,"lights_LOD0.png","421684","C:\Users\IT PC 2\Documents\projects\habesha movers\public\truck","C:\Users\IT PC 2\Documents\projects\habesha movers\public\truck","False","True","C:\Users\IT PC 2\Documents\projects\habesha movers\public\truck\lights_LOD0.png",".png","1/12/2026 6:58:28 PM","1/12/2026 3:58:28 PM","1/31/2026 9:30:46 AM","1/31/2026 6:30:46 AM","6/22/2015 3:27:32 PM","6/22/2015 12:27:32 PM","Archive"
"Microsoft.PowerShell.Core\FileSystem::C:\Users\IT PC 2\Documents\projects\habesha movers\public\truck\lights_LOD0_a.png","Microsoft.PowerShell.Core\FileSystem::C:\Users\IT PC 2\Documents\projects\habesha movers\public\truck","lights_LOD0_a.png","C","Microsoft.PowerShell.Core\FileSystem","False","-a----","File:             C:\Users\IT PC 2\Documents\projects\habesha movers\public\truck\lights_LOD0_a.png
InternalName:     
OriginalFilename: 
FileVersion:      
FileDescription:  
Product:          
ProductVersion:   
Debug:            False
Patched:          False
PreRelease:       False
PrivateBuild:     False
SpecialBuild:     False
Language:         
","lights_LOD0_a","System.Collections.Generic.List`1[System.String]",,"lights_LOD0_a.png","392016","C:\Users\IT PC 2\Documents\projects\habesha movers\public\truck","C:\Users\IT PC 2\Documents\projects\habesha movers\public\truck","False","True","C:\Users\IT PC 2\Documents\projects\habesha movers\public\truck\lights_LOD0_a.png",".png","1/12/2026 6:58:28 PM","1/12/2026 3:58:28 PM","1/31/2026 9:30:46 AM","1/31/2026 6:30:46 AM","6/22/2015 3:01:50 PM","6/22/2015 12:01:50 PM","Archive"
"Microsoft.PowerShell.Core\FileSystem::C:\Users\IT PC 2\Documents\projects\habesha movers\public\truck\logo.jpg","Microsoft.PowerShell.Core\FileSystem::C:\Users\IT PC 2\Documents\projects\habesha movers\public\truck","logo.jpg","C","Microsoft.PowerShell.Core\FileSystem","False","-a----","File:             C:\Users\IT PC 2\Documents\projects\habesha movers\public\truck\logo.jpg
InternalName:     
OriginalFilename: 
FileVersion:      
FileDescription:  
Product:          
ProductVersion:   
Debug:            False
Patched:          False
PreRelease:       False
PrivateBuild:     False
SpecialBuild:     False
Language:         
","logo","System.Collections.Generic.List`1[System.String]",,"logo.jpg","55126","C:\Users\IT PC 2\Documents\projects\habesha movers\public\truck","C:\Users\IT PC 2\Documents\projects\habesha movers\public\truck","False","True","C:\Users\IT PC 2\Documents\projects\habesha movers\public\truck\logo.jpg",".jpg","1/12/2026 6:58:28 PM","1/12/2026 3:58:28 PM","1/31/2026 9:30:47 AM","1/31/2026 6:30:47 AM","1/10/2026 3:55:46 PM","1/10/2026 12:55:46 PM","Archive"
"Microsoft.PowerShell.Core\FileSystem::C:\Users\IT PC 2\Documents\projects\habesha movers\public\truck\new_logo.png","Microsoft.PowerShell.Core\FileSystem::C:\Users\IT PC 2\Documents\projects\habesha movers\public\truck","new_logo.png","C","Microsoft.PowerShell.Core\FileSystem","False","-a----","File:             C:\Users\IT PC 2\Documents\projects\habesha movers\public\truck\new_logo.png
InternalName:     
OriginalFilename: 
FileVersion:      
FileDescription:  
Product:          
ProductVersion:   
Debug:            False
Patched:          False
PreRelease:       False
PrivateBuild:     False
SpecialBuild:     False
Language:         
","new_logo","System.Collections.Generic.List`1[System.String]",,"new_logo.png","691734","C:\Users\IT PC 2\Documents\projects\habesha movers\public\truck","C:\Users\IT PC 2\Documents\projects\habesha movers\public\truck","False","True","C:\Users\IT PC 2\Documents\projects\habesha movers\public\truck\new_logo.png",".png","1/12/2026 6:58:28 PM","1/12/2026 3:58:28 PM","1/31/2026 9:30:46 AM","1/31/2026 6:30:46 AM","1/10/2026 5:13:06 PM","1/10/2026 2:13:06 PM","Archive"
"Microsoft.PowerShell.Core\FileSystem::C:\Users\IT PC 2\Documents\projects\habesha movers\public\truck\nodamage.jpg","Microsoft.PowerShell.Core\FileSystem::C:\Users\IT PC 2\Documents\projects\habesha movers\public\truck","nodamage.jpg","C","Microsoft.PowerShell.Core\FileSystem","False","-a----","File:             C:\Users\IT PC 2\Documents\projects\habesha movers\public\truck\nodamage.jpg
InternalName:     
OriginalFilename: 
FileVersion:      
FileDescription:  
Product:          
ProductVersion:   
Debug:            False
Patched:          False
PreRelease:       False
PrivateBuild:     False
SpecialBuild:     False
Language:         
","nodamage","System.Collections.Generic.List`1[System.String]",,"nodamage.jpg","8315","C:\Users\IT PC 2\Documents\projects\habesha movers\public\truck","C:\Users\IT PC 2\Documents\projects\habesha movers\public\truck","False","True","C:\Users\IT PC 2\Documents\projects\habesha movers\public\truck\nodamage.jpg",".jpg","1/12/2026 6:58:29 PM","1/12/2026 3:58:29 PM","1/31/2026 9:30:46 AM","1/31/2026 6:30:46 AM","1/31/2019 8:46:14 AM","1/31/2019 5:46:14 AM","Archive"
"Microsoft.PowerShell.Core\FileSystem::C:\Users\IT PC 2\Documents\projects\habesha movers\public\truck\nodamage.png","Microsoft.PowerShell.Core\FileSystem::C:\Users\IT PC 2\Documents\projects\habesha movers\public\truck","nodamage.png","C","Microsoft.PowerShell.Core\FileSystem","False","-a----","File:             C:\Users\IT PC 2\Documents\projects\habesha movers\public\truck\nodamage.png
InternalName:     
OriginalFilename: 
FileVersion:      
FileDescription:  
Product:          
ProductVersion:   
Debug:            False
Patched:          False
PreRelease:       False
PrivateBuild:     False
SpecialBuild:     False
Language:         
","nodamage","System.Collections.Generic.List`1[System.String]",,"nodamage.png","6628","C:\Users\IT PC 2\Documents\projects\habesha movers\public\truck","C:\Users\IT PC 2\Documents\projects\habesha movers\public\truck","False","True","C:\Users\IT PC 2\Documents\projects\habesha movers\public\truck\nodamage.png",".png","1/12/2026 6:58:29 PM","1/12/2026 3:58:29 PM","1/31/2026 9:30:46 AM","1/31/2026 6:30:46 AM","6/22/2015 3:27:32 PM","6/22/2015 12:27:32 PM","Archive"
"Microsoft.PowerShell.Core\FileSystem::C:\Users\IT PC 2\Documents\projects\habesha movers\public\truck\nodamage_a.png","Microsoft.PowerShell.Core\FileSystem::C:\Users\IT PC 2\Documents\projects\habesha movers\public\truck","nodamage_a.png","C","Microsoft.PowerShell.Core\FileSystem","False","-a----","File:             C:\Users\IT PC 2\Documents\projects\habesha movers\public\truck\nodamage_a.png
InternalName:     
OriginalFilename: 
FileVersion:      
FileDescription:  
Product:          
ProductVersion:   
Debug:            False
Patched:          False
PreRelease:       False
PrivateBuild:     False
SpecialBuild:     False
Language:         
","nodamage_a","System.Collections.Generic.List`1[System.String]",,"nodamage_a.png","706","C:\Users\IT PC 2\Documents\projects\habesha movers\public\truck","C:\Users\IT PC 2\Documents\projects\habesha movers\public\truck","False","True","C:\Users\IT PC 2\Documents\projects\habesha movers\public\truck\nodamage_a.png",".png","1/12/2026 6:58:29 PM","1/12/2026 3:58:29 PM","1/31/2026 9:30:46 AM","1/31/2026 6:30:46 AM","6/22/2015 3:02:04 PM","6/22/2015 12:02:04 PM","Archive"
"Microsoft.PowerShell.Core\FileSystem::C:\Users\IT PC 2\Documents\projects\habesha movers\public\truck\nodamage_LOD0.png","Microsoft.PowerShell.Core\FileSystem::C:\Users\IT PC 2\Documents\projects\habesha movers\public\truck","nodamage_LOD0.png","C","Microsoft.PowerShell.Core\FileSystem","False","-a----","File:             C:\Users\IT PC 2\Documents\projects\habesha movers\public\truck\nodamage_LOD0.png
InternalName:     
OriginalFilename: 
FileVersion:      
FileDescription:  
Product:          
ProductVersion:   
Debug:            False
Patched:          False
PreRelease:       False
PrivateBuild:     False
SpecialBuild:     False
Language:         
","nodamage_LOD0","System.Collections.Generic.List`1[System.String]",,"nodamage_LOD0.png","19456","C:\Users\IT PC 2\Documents\projects\habesha movers\public\truck","C:\Users\IT PC 2\Documents\projects\habesha movers\public\truck","False","True","C:\Users\IT PC 2\Documents\projects\habesha movers\public\truck\nodamage_LOD0.png",".png","1/12/2026 6:58:29 PM","1/12/2026 3:58:29 PM","1/31/2026 9:30:46 AM","1/31/2026 6:30:46 AM","6/22/2015 3:27:32 PM","6/22/2015 12:27:32 PM","Archive"
"Microsoft.PowerShell.Core\FileSystem::C:\Users\IT PC 2\Documents\projects\habesha movers\public\truck\nodamage_LOD0_a.png","Microsoft.PowerShell.Core\FileSystem::C:\Users\IT PC 2\Documents\projects\habesha movers\public\truck","nodamage_LOD0_a.png","C","Microsoft.PowerShell.Core\FileSystem","False","-a----","File:             C:\Users\IT PC 2\Documents\projects\habesha movers\public\truck\nodamage_LOD0_a.png
InternalName:     
OriginalFilename: 
FileVersion:      
FileDescription:  
Product:          
ProductVersion:   
Debug:            False
Patched:          False
PreRelease:       False
PrivateBuild:     False
SpecialBuild:     False
Language:         
","nodamage_LOD0_a","System.Collections.Generic.List`1[System.String]",,"nodamage_LOD0_a.png","1773","C:\Users\IT PC 2\Documents\projects\habesha movers\public\truck","C:\Users\IT PC 2\Documents\projects\habesha movers\public\truck","False","True","C:\Users\IT PC 2\Documents\projects\habesha movers\public\truck\nodamage_LOD0_a.png",".png","1/12/2026 6:58:29 PM","1/12/2026 3:58:29 PM","1/31/2026 9:30:46 AM","1/31/2026 6:30:46 AM","6/22/2015 3:02:12 PM","6/22/2015 12:02:12 PM","Archive"
"Microsoft.PowerShell.Core\FileSystem::C:\Users\IT PC 2\Documents\projects\habesha movers\public\truck\nodama_a.jpg","Microsoft.PowerShell.Core\FileSystem::C:\Users\IT PC 2\Documents\projects\habesha movers\public\truck","nodama_a.jpg","C","Microsoft.PowerShell.Core\FileSystem","False","-a----","File:             C:\Users\IT PC 2\Documents\projects\habesha movers\public\truck\nodama_a.jpg
InternalName:     
OriginalFilename: 
FileVersion:      
FileDescription:  
Product:          
ProductVersion:   
Debug:            False
Patched:          False
PreRelease:       False
PrivateBuild:     False
SpecialBuild:     False
Language:         
","nodama_a","System.Collections.Generic.List`1[System.String]",,"nodama_a.jpg","2165","C:\Users\IT PC 2\Documents\projects\habesha movers\public\truck","C:\Users\IT PC 2\Documents\projects\habesha movers\public\truck","False","True","C:\Users\IT PC 2\Documents\projects\habesha movers\public\truck\nodama_a.jpg",".jpg","1/12/2026 6:58:29 PM","1/12/2026 3:58:29 PM","1/31/2026 9:30:46 AM","1/31/2026 6:30:46 AM","1/31/2019 8:46:30 AM","1/31/2019 5:46:30 AM","Archive"
"Microsoft.PowerShell.Core\FileSystem::C:\Users\IT PC 2\Documents\projects\habesha movers\public\truck\PG_BoxTruck_14_wheel.carbin","Microsoft.PowerShell.Core\FileSystem::C:\Users\IT PC 2\Documents\projects\habesha movers\public\truck","PG_BoxTruck_14_wheel.carbin","C","Microsoft.PowerShell.Core\FileSystem","False","-a----","File:             C:\Users\IT PC 2\Documents\projects\habesha movers\public\truck\PG_BoxTruck_14_wheel.carbin
InternalName:     
OriginalFilename: 
FileVersion:      
FileDescription:  
Product:          
ProductVersion:   
Debug:            False
Patched:          False
PreRelease:       False
PrivateBuild:     False
SpecialBuild:     False
Language:         
","PG_BoxTruck_14_wheel","System.Collections.Generic.List`1[System.String]",,"PG_BoxTruck_14_wheel.carbin","122705","C:\Users\IT PC 2\Documents\projects\habesha movers\public\truck","C:\Users\IT PC 2\Documents\projects\habesha movers\public\truck","False","True","C:\Users\IT PC 2\Documents\projects\habesha movers\public\truck\PG_BoxTruck_14_wheel.carbin",".carbin","1/12/2026 6:58:29 PM","1/12/2026 3:58:29 PM","1/31/2026 9:30:46 AM","1/31/2026 6:30:46 AM","10/3/2014 8:31:34 PM","10/3/2014 5:31:34 PM","Archive"
"Microsoft.PowerShell.Core\FileSystem::C:\Users\IT PC 2\Documents\projects\habesha movers\public\truck\re 1.jpg","Microsoft.PowerShell.Core\FileSystem::C:\Users\IT PC 2\Documents\projects\habesha movers\public\truck","re 1.jpg","C","Microsoft.PowerShell.Core\FileSystem","False","-a----","File:             C:\Users\IT PC 2\Documents\projects\habesha movers\public\truck\re 1.jpg
InternalName:     
OriginalFilename: 
FileVersion:      
FileDescription:  
Product:          
ProductVersion:   
Debug:            False
Patched:          False
PreRelease:       False
PrivateBuild:     False
SpecialBuild:     False
Language:         
","re 1","System.Collections.Generic.List`1[System.String]",,"re 1.jpg","113796","C:\Users\IT PC 2\Documents\projects\habesha movers\public\truck","C:\Users\IT PC 2\Documents\projects\habesha movers\public\truck","False","True","C:\Users\IT PC 2\Documents\projects\habesha movers\public\truck\re 1.jpg",".jpg","1/12/2026 6:58:29 PM","1/12/2026 3:58:29 PM","1/31/2026 9:30:46 AM","1/31/2026 6:30:46 AM","1/31/2019 9:15:44 AM","1/31/2019 6:15:44 AM","Archive"
"Microsoft.PowerShell.Core\FileSystem::C:\Users\IT PC 2\Documents\projects\habesha movers\public\truck\skyxn.jpg","Microsoft.PowerShell.Core\FileSystem::C:\Users\IT PC 2\Documents\projects\habesha movers\public\truck","skyxn.jpg","C","Microsoft.PowerShell.Core\FileSystem","False","-a----","File:             C:\Users\IT PC 2\Documents\projects\habesha movers\public\truck\skyxn.jpg
InternalName:     
OriginalFilename: 
FileVersion:      
FileDescription:  
Product:          
ProductVersion:   
Debug:            False
Patched:          False
PreRelease:       False
PrivateBuild:     False
SpecialBuild:     False
Language:         
","skyxn","System.Collections.Generic.List`1[System.String]",,"skyxn.jpg","108458","C:\Users\IT PC 2\Documents\projects\habesha movers\public\truck","C:\Users\IT PC 2\Documents\projects\habesha movers\public\truck","False","True","C:\Users\IT PC 2\Documents\projects\habesha movers\public\truck\skyxn.jpg",".jpg","1/12/2026 6:58:29 PM","1/12/2026 3:58:29 PM","1/31/2026 9:30:46 AM","1/31/2026 6:30:46 AM","1/31/2019 8:44:38 AM","1/31/2019 5:44:38 AM","Archive"
"Microsoft.PowerShell.Core\FileSystem::C:\Users\IT PC 2\Documents\projects\habesha movers\public\truck\skyxn.png","Microsoft.PowerShell.Core\FileSystem::C:\Users\IT PC 2\Documents\projects\habesha movers\public\truck","skyxn.png","C","Microsoft.PowerShell.Core\FileSystem","False","-a----","File:             C:\Users\IT PC 2\Documents\projects\habesha movers\public\truck\skyxn.png
InternalName:     
OriginalFilename: 
FileVersion:      
FileDescription:  
Product:          
ProductVersion:   
Debug:            False
Patched:          False
PreRelease:       False
PrivateBuild:     False
SpecialBuild:     False
Language:         
","skyxn","System.Collections.Generic.List`1[System.String]",,"skyxn.png","103204","C:\Users\IT PC 2\Documents\projects\habesha movers\public\truck","C:\Users\IT PC 2\Documents\projects\habesha movers\public\truck","False","True","C:\Users\IT PC 2\Documents\projects\habesha movers\public\truck\skyxn.png",".png","1/12/2026 6:58:29 PM","1/12/2026 3:58:29 PM","1/31/2026 9:30:46 AM","1/31/2026 6:30:46 AM","6/29/2015 5:51:14 PM","6/29/2015 2:51:14 PM","Archive"
"Microsoft.PowerShell.Core\FileSystem::C:\Users\IT PC 2\Documents\projects\habesha movers\public\truck\tireA0.jpg","Microsoft.PowerShell.Core\FileSystem::C:\Users\IT PC 2\Documents\projects\habesha movers\public\truck","tireA0.jpg","C","Microsoft.PowerShell.Core\FileSystem","False","-a----","File:             C:\Users\IT PC 2\Documents\projects\habesha movers\public\truck\tireA0.jpg
InternalName:     
OriginalFilename: 
FileVersion:      
FileDescription:  
Product:          
ProductVersion:   
Debug:            False
Patched:          False
PreRelease:       False
PrivateBuild:     False
SpecialBuild:     False
Language:         
","tireA0","System.Collections.Generic.List`1[System.String]",,"tireA0.jpg","12318","C:\Users\IT PC 2\Documents\projects\habesha movers\public\truck","C:\Users\IT PC 2\Documents\projects\habesha movers\public\truck","False","True","C:\Users\IT PC 2\Documents\projects\habesha movers\public\truck\tireA0.jpg",".jpg","1/12/2026 6:58:29 PM","1/12/2026 3:58:29 PM","1/31/2026 9:30:46 AM","1/31/2026 6:30:46 AM","1/31/2019 8:44:32 AM","1/31/2019 5:44:32 AM","Archive"
"Microsoft.PowerShell.Core\FileSystem::C:\Users\IT PC 2\Documents\projects\habesha movers\public\truck\tireA0.png","Microsoft.PowerShell.Core\FileSystem::C:\Users\IT PC 2\Documents\projects\habesha movers\public\truck","tireA0.png","C","Microsoft.PowerShell.Core\FileSystem","False","-a----","File:             C:\Users\IT PC 2\Documents\projects\habesha movers\public\truck\tireA0.png
InternalName:     
OriginalFilename: 
FileVersion:      
FileDescription:  
Product:          
ProductVersion:   
Debug:            False
Patched:          False
PreRelease:       False
PrivateBuild:     False
SpecialBuild:     False
Language:         
","tireA0","System.Collections.Generic.List`1[System.String]",,"tireA0.png","7297","C:\Users\IT PC 2\Documents\projects\habesha movers\public\truck","C:\Users\IT PC 2\Documents\projects\habesha movers\public\truck","False","True","C:\Users\IT PC 2\Documents\projects\habesha movers\public\truck\tireA0.png",".png","1/12/2026 6:58:29 PM","1/12/2026 3:58:29 PM","1/31/2026 9:30:46 AM","1/31/2026 6:30:46 AM","6/29/2015 5:51:14 PM","6/29/2015 2:51:14 PM","Archive"
"Microsoft.PowerShell.Core\FileSystem::C:\Users\IT PC 2\Documents\projects\habesha movers\public\truck\traffic_.jpg","Microsoft.PowerShell.Core\FileSystem::C:\Users\IT PC 2\Documents\projects\habesha movers\public\truck","traffic_.jpg","C","Microsoft.PowerShell.Core\FileSystem","False","-a----","File:             C:\Users\IT PC 2\Documents\projects\habesha movers\public\truck\traffic_.jpg
InternalName:     
OriginalFilename: 
FileVersion:      
FileDescription:  
Product:          
ProductVersion:   
Debug:            False
Patched:          False
PreRelease:       False
PrivateBuild:     False
SpecialBuild:     False
Language:         
","traffic_","System.Collections.Generic.List`1[System.String]",,"traffic_.jpg","78786","C:\Users\IT PC 2\Documents\projects\habesha movers\public\truck","C:\Users\IT PC 2\Documents\projects\habesha movers\public\truck","False","True","C:\Users\IT PC 2\Documents\projects\habesha movers\public\truck\traffic_.jpg",".jpg","1/12/2026 6:58:29 PM","1/12/2026 3:58:29 PM","1/31/2026 9:30:46 AM","1/31/2026 6:30:46 AM","1/31/2019 8:53:24 AM","1/31/2019 5:53:24 AM","Archive"
"Microsoft.PowerShell.Core\FileSystem::C:\Users\IT PC 2\Documents\projects\habesha movers\public\truck\traffic_numplates_DXT1.png","Microsoft.PowerShell.Core\FileSystem::C:\Users\IT PC 2\Documents\projects\habesha movers\public\truck","traffic_numplates_DXT1.png","C","Microsoft.PowerShell.Core\FileSystem","False","-a----","File:             C:\Users\IT PC 2\Documents\projects\habesha movers\public\truck\traffic_numplates_DXT1.png
InternalName:     
OriginalFilename: 
FileVersion:      
FileDescription:  
Product:          
ProductVersion:   
Debug:            False
Patched:          False
PreRelease:       False
PrivateBuild:     False
SpecialBuild:     False
Language:         
","traffic_numplates_DXT1","System.Collections.Generic.List`1[System.String]",,"traffic_numplates_DXT1.png","46497","C:\Users\IT PC 2\Documents\projects\habesha movers\public\truck","C:\Users\IT PC 2\Documents\projects\habesha movers\public\truck","False","True","C:\Users\IT PC 2\Documents\projects\habesha movers\public\truck\traffic_numplates_DXT1.png",".png","1/12/2026 6:58:30 PM","1/12/2026 3:58:30 PM","1/31/2026 9:30:46 AM","1/31/2026 6:30:46 AM","6/29/2015 5:51:14 PM","6/29/2015 2:51:14 PM","Archive"
"Microsoft.PowerShell.Core\FileSystem::C:\Users\IT PC 2\Documents\projects\habesha movers\public\truck\tru.mtl","Microsoft.PowerShell.Core\FileSystem::C:\Users\IT PC 2\Documents\projects\habesha movers\public\truck","tru.mtl","C","Microsoft.PowerShell.Core\FileSystem","False","-a----","File:             C:\Users\IT PC 2\Documents\projects\habesha movers\public\truck\tru.mtl
InternalName:     
OriginalFilename: 
FileVersion:      
FileDescription:  
Product:          
ProductVersion:   
Debug:            False
Patched:          False
PreRelease:       False
PrivateBuild:     False
SpecialBuild:     False
Language:         
","tru","System.Collections.Generic.List`1[System.String]",,"tru.mtl","5236","C:\Users\IT PC 2\Documents\projects\habesha movers\public\truck","C:\Users\IT PC 2\Documents\projects\habesha movers\public\truck","False","True","C:\Users\IT PC 2\Documents\projects\habesha movers\public\truck\tru.mtl",".mtl","1/12/2026 6:58:30 PM","1/12/2026 3:58:30 PM","1/31/2026 9:30:46 AM","1/31/2026 6:30:46 AM","1/10/2026 1:00:26 PM","1/10/2026 10:00:26 AM","Archive"
"Microsoft.PowerShell.Core\FileSystem::C:\Users\IT PC 2\Documents\projects\habesha movers\public\truck\tru.obj","Microsoft.PowerShell.Core\FileSystem::C:\Users\IT PC 2\Documents\projects\habesha movers\public\truck","tru.obj","C","Microsoft.PowerShell.Core\FileSystem","False","-a----","File:             C:\Users\IT PC 2\Documents\projects\habesha movers\public\truck\tru.obj
InternalName:     
OriginalFilename: 
FileVersion:      
FileDescription:  
Product:          
ProductVersion:   
Debug:            False
Patched:          False
PreRelease:       False
PrivateBuild:     False
SpecialBuild:     False
Language:         
","tru","System.Collections.Generic.List`1[System.String]",,"tru.obj","1102412","C:\Users\IT PC 2\Documents\projects\habesha movers\public\truck","C:\Users\IT PC 2\Documents\projects\habesha movers\public\truck","False","True","C:\Users\IT PC 2\Documents\projects\habesha movers\public\truck\tru.obj",".obj","1/12/2026 6:58:30 PM","1/12/2026 3:58:30 PM","1/31/2026 9:30:47 AM","1/31/2026 6:30:47 AM","1/31/2019 8:56:12 AM","1/31/2019 5:56:12 AM","Archive"
"Microsoft.PowerShell.Core\FileSystem::C:\Users\IT PC 2\Documents\projects\habesha movers\public\truck\wheel.jpg","Microsoft.PowerShell.Core\FileSystem::C:\Users\IT PC 2\Documents\projects\habesha movers\public\truck","wheel.jpg","C","Microsoft.PowerShell.Core\FileSystem","False","-a----","File:             C:\Users\IT PC 2\Documents\projects\habesha movers\public\truck\wheel.jpg
InternalName:     
OriginalFilename: 
FileVersion:      
FileDescription:  
Product:          
ProductVersion:   
Debug:            False
Patched:          False
PreRelease:       False
PrivateBuild:     False
SpecialBuild:     False
Language:         
","wheel","System.Collections.Generic.List`1[System.String]",,"wheel.jpg","6096","C:\Users\IT PC 2\Documents\projects\habesha movers\public\truck","C:\Users\IT PC 2\Documents\projects\habesha movers\public\truck","False","True","C:\Users\IT PC 2\Documents\projects\habesha movers\public\truck\wheel.jpg",".jpg","1/12/2026 6:58:30 PM","1/12/2026 3:58:30 PM","1/31/2026 9:30:47 AM","1/31/2026 6:30:47 AM","1/31/2019 8:44:26 AM","1/31/2019 5:44:26 AM","Archive"
"Microsoft.PowerShell.Core\FileSystem::C:\Users\IT PC 2\Documents\projects\habesha movers\public\truck\wheel.png","Microsoft.PowerShell.Core\FileSystem::C:\Users\IT PC 2\Documents\projects\habesha movers\public\truck","wheel.png","C","Microsoft.PowerShell.Core\FileSystem","False","-a----","File:             C:\Users\IT PC 2\Documents\projects\habesha movers\public\truck\wheel.png
InternalName:     
OriginalFilename: 
FileVersion:      
FileDescription:  
Product:          
ProductVersion:   
Debug:            False
Patched:          False
PreRelease:       False
PrivateBuild:     False
SpecialBuild:     False
Language:         
","wheel","System.Collections.Generic.List`1[System.String]",,"wheel.png","4444","C:\Users\IT PC 2\Documents\projects\habesha movers\public\truck","C:\Users\IT PC 2\Documents\projects\habesha movers\public\truck","False","True","C:\Users\IT PC 2\Documents\projects\habesha movers\public\truck\wheel.png",".png","1/12/2026 6:58:30 PM","1/12/2026 3:58:30 PM","1/31/2026 9:30:47 AM","1/31/2026 6:30:47 AM","6/29/2015 5:51:16 PM","6/29/2015 2:51:16 PM","Archive"
"Microsoft.PowerShell.Core\FileSystem::C:\Users\IT PC 2\Documents\projects\habesha movers\public\truck\wheel0.png","Microsoft.PowerShell.Core\FileSystem::C:\Users\IT PC 2\Documents\projects\habesha movers\public\truck","wheel0.png","C","Microsoft.PowerShell.Core\FileSystem","False","-a----","File:             C:\Users\IT PC 2\Documents\projects\habesha movers\public\truck\wheel0.png
InternalName:     
OriginalFilename: 
FileVersion:      
FileDescription:  
Product:          
ProductVersion:   
Debug:            False
Patched:          False
PreRelease:       False
PrivateBuild:     False
SpecialBuild:     False
Language:         
","wheel0","System.Collections.Generic.List`1[System.String]",,"wheel0.png","16783","C:\Users\IT PC 2\Documents\projects\habesha movers\public\truck","C:\Users\IT PC 2\Documents\projects\habesha movers\public\truck","False","True","C:\Users\IT PC 2\Documents\projects\habesha movers\public\truck\wheel0.png",".png","1/12/2026 6:58:30 PM","1/12/2026 3:58:30 PM","1/31/2026 9:30:47 AM","1/31/2026 6:30:47 AM","6/22/2015 3:27:32 PM","6/22/2015 12:27:32 PM","Archive"
"Microsoft.PowerShell.Core\FileSystem::C:\Users\IT PC 2\Documents\projects\habesha movers\public\truck\wheel0_a.png","Microsoft.PowerShell.Core\FileSystem::C:\Users\IT PC 2\Documents\projects\habesha movers\public\truck","wheel0_a.png","C","Microsoft.PowerShell.Core\FileSystem","False","-a----","File:             C:\Users\IT PC 2\Documents\projects\habesha movers\public\truck\wheel0_a.png
InternalName:     
OriginalFilename: 
FileVersion:      
FileDescription:  
Product:          
ProductVersion:   
Debug:            False
Patched:          False
PreRelease:       False
PrivateBuild:     False
SpecialBuild:     False
Language:         
","wheel0_a","System.Collections.Generic.List`1[System.String]",,"wheel0_a.png","1300","C:\Users\IT PC 2\Documents\projects\habesha movers\public\truck","C:\Users\IT PC 2\Documents\projects\habesha movers\public\truck","False","True","C:\Users\IT PC 2\Documents\projects\habesha movers\public\truck\wheel0_a.png",".png","1/12/2026 6:58:30 PM","1/12/2026 3:58:30 PM","1/31/2026 9:30:47 AM","1/31/2026 6:30:47 AM","6/22/2015 3:02:44 PM","6/22/2015 12:02:44 PM","Archive"
"Microsoft.PowerShell.Core\FileSystem::C:\Users\IT PC 2\Documents\projects\habesha movers\public\truck\wheel1.png","Microsoft.PowerShell.Core\FileSystem::C:\Users\IT PC 2\Documents\projects\habesha movers\public\truck","wheel1.png","C","Microsoft.PowerShell.Core\FileSystem","False","-a----","File:             C:\Users\IT PC 2\Documents\projects\habesha movers\public\truck\wheel1.png
InternalName:     
OriginalFilename: 
FileVersion:      
FileDescription:  
Product:          
ProductVersion:   
Debug:            False
Patched:          False
PreRelease:       False
PrivateBuild:     False
SpecialBuild:     False
Language:         
","wheel1","System.Collections.Generic.List`1[System.String]",,"wheel1.png","18846","C:\Users\IT PC 2\Documents\projects\habesha movers\public\truck","C:\Users\IT PC 2\Documents\projects\habesha movers\public\truck","False","True","C:\Users\IT PC 2\Documents\projects\habesha movers\public\truck\wheel1.png",".png","1/12/2026 6:58:30 PM","1/12/2026 3:58:30 PM","1/31/2026 9:30:47 AM","1/31/2026 6:30:47 AM","6/22/2015 3:27:32 PM","6/22/2015 12:27:32 PM","Archive"
"Microsoft.PowerShell.Core\FileSystem::C:\Users\IT PC 2\Documents\projects\habesha movers\public\truck\wheel1_a.png","Microsoft.PowerShell.Core\FileSystem::C:\Users\IT PC 2\Documents\projects\habesha movers\public\truck","wheel1_a.png","C","Microsoft.PowerShell.Core\FileSystem","False","-a----","File:             C:\Users\IT PC 2\Documents\projects\habesha movers\public\truck\wheel1_a.png
InternalName:     
OriginalFilename: 
FileVersion:      
FileDescription:  
Product:          
ProductVersion:   
Debug:            False
Patched:          False
PreRelease:       False
PrivateBuild:     False
SpecialBuild:     False
Language:         
","wheel1_a","System.Collections.Generic.List`1[System.String]",,"wheel1_a.png","3296","C:\Users\IT PC 2\Documents\projects\habesha movers\public\truck","C:\Users\IT PC 2\Documents\projects\habesha movers\public\truck","False","True","C:\Users\IT PC 2\Documents\projects\habesha movers\public\truck\wheel1_a.png",".png","1/12/2026 6:58:30 PM","1/12/2026 3:58:30 PM","1/31/2026 9:30:47 AM","1/31/2026 6:30:47 AM","6/22/2015 3:02:46 PM","6/22/2015 12:02:46 PM","Archive"
"Microsoft.PowerShell.Core\FileSystem::C:\Users\IT PC 2\Documents\projects\habesha movers\public\truck\wheel2.png","Microsoft.PowerShell.Core\FileSystem::C:\Users\IT PC 2\Documents\projects\habesha movers\public\truck","wheel2.png","C","Microsoft.PowerShell.Core\FileSystem","False","-a----","File:             C:\Users\IT PC 2\Documents\projects\habesha movers\public\truck\wheel2.png
InternalName:     
OriginalFilename: 
FileVersion:      
FileDescription:  
Product:          
ProductVersion:   
Debug:            False
Patched:          False
PreRelease:       False
PrivateBuild:     False
SpecialBuild:     False
Language:         
","wheel2","System.Collections.Generic.List`1[System.String]",,"wheel2.png","17022","C:\Users\IT PC 2\Documents\projects\habesha movers\public\truck","C:\Users\IT PC 2\Documents\projects\habesha movers\public\truck","False","True","C:\Users\IT PC 2\Documents\projects\habesha movers\public\truck\wheel2.png",".png","1/12/2026 6:58:30 PM","1/12/2026 3:58:30 PM","1/31/2026 9:30:47 AM","1/31/2026 6:30:47 AM","6/29/2015 5:51:16 PM","6/29/2015 2:51:16 PM","Archive"
"Microsoft.PowerShell.Core\FileSystem::C:\Users\IT PC 2\Documents\projects\habesha movers\public\truck\wheel2_a.png","Microsoft.PowerShell.Core\FileSystem::C:\Users\IT PC 2\Documents\projects\habesha movers\public\truck","wheel2_a.png","C","Microsoft.PowerShell.Core\FileSystem","False","-a----","File:             C:\Users\IT PC 2\Documents\projects\habesha movers\public\truck\wheel2_a.png
InternalName:     
OriginalFilename: 
FileVersion:      
FileDescription:  
Product:          
ProductVersion:   
Debug:            False
Patched:          False
PreRelease:       False
PrivateBuild:     False
SpecialBuild:     False
Language:         
","wheel2_a","System.Collections.Generic.List`1[System.String]",,"wheel2_a.png","3502","C:\Users\IT PC 2\Documents\projects\habesha movers\public\truck","C:\Users\IT PC 2\Documents\projects\habesha movers\public\truck","False","True","C:\Users\IT PC 2\Documents\projects\habesha movers\public\truck\wheel2_a.png",".png","1/12/2026 6:58:30 PM","1/12/2026 3:58:30 PM","1/31/2026 9:30:47 AM","1/31/2026 6:30:47 AM","6/29/2015 5:51:16 PM","6/29/2015 2:51:16 PM","Archive"
"Microsoft.PowerShell.Core\FileSystem::C:\Users\IT PC 2\Documents\projects\habesha movers\public\truck\wheel3.png","Microsoft.PowerShell.Core\FileSystem::C:\Users\IT PC 2\Documents\projects\habesha movers\public\truck","wheel3.png","C","Microsoft.PowerShell.Core\FileSystem","False","-a----","File:             C:\Users\IT PC 2\Documents\projects\habesha movers\public\truck\wheel3.png
InternalName:     
OriginalFilename: 
FileVersion:      
FileDescription:  
Product:          
ProductVersion:   
Debug:            False
Patched:          False
PreRelease:       False
PrivateBuild:     False
SpecialBuild:     False
Language:         
","wheel3","System.Collections.Generic.List`1[System.String]",,"wheel3.png","14766","C:\Users\IT PC 2\Documents\projects\habesha movers\public\truck","C:\Users\IT PC 2\Documents\projects\habesha movers\public\truck","False","True","C:\Users\IT PC 2\Documents\projects\habesha movers\public\truck\wheel3.png",".png","1/12/2026 6:58:30 PM","1/12/2026 3:58:30 PM","1/31/2026 9:30:47 AM","1/31/2026 6:30:47 AM","6/22/2015 3:27:32 PM","6/22/2015 12:27:32 PM","Archive"
"Microsoft.PowerShell.Core\FileSystem::C:\Users\IT PC 2\Documents\projects\habesha movers\public\truck\wheel3_a.png","Microsoft.PowerShell.Core\FileSystem::C:\Users\IT PC 2\Documents\projects\habesha movers\public\truck","wheel3_a.png","C","Microsoft.PowerShell.Core\FileSystem","False","-a----","File:             C:\Users\IT PC 2\Documents\projects\habesha movers\public\truck\wheel3_a.png
InternalName:     
OriginalFilename: 
FileVersion:      
FileDescription:  
Product:          
ProductVersion:   
Debug:            False
Patched:          False
PreRelease:       False
PrivateBuild:     False
SpecialBuild:     False
Language:         
","wheel3_a","System.Collections.Generic.List`1[System.String]",,"wheel3_a.png","2833","C:\Users\IT PC 2\Documents\projects\habesha movers\public\truck","C:\Users\IT PC 2\Documents\projects\habesha movers\public\truck","False","True","C:\Users\IT PC 2\Documents\projects\habesha movers\public\truck\wheel3_a.png",".png","1/12/2026 6:58:30 PM","1/12/2026 3:58:30 PM","1/31/2026 9:30:47 AM","1/31/2026 6:30:47 AM","6/22/2015 3:02:52 PM","6/22/2015 12:02:52 PM","Archive"
"Microsoft.PowerShell.Core\FileSystem::C:\Users\IT PC 2\Documents\projects\habesha movers\public\truck\wheelR.png","Microsoft.PowerShell.Core\FileSystem::C:\Users\IT PC 2\Documents\projects\habesha movers\public\truck","wheelR.png","C","Microsoft.PowerShell.Core\FileSystem","False","-a----","File:             C:\Users\IT PC 2\Documents\projects\habesha movers\public\truck\wheelR.png
InternalName:     
OriginalFilename: 
FileVersion:      
FileDescription:  
Product:          
ProductVersion:   
Debug:            False
Patched:          False
PreRelease:       False
PrivateBuild:     False
SpecialBuild:     False
Language:         
","wheelR","System.Collections.Generic.List`1[System.String]",,"wheelR.png","4476","C:\Users\IT PC 2\Documents\projects\habesha movers\public\truck","C:\Users\IT PC 2\Documents\projects\habesha movers\public\truck","False","True","C:\Users\IT PC 2\Documents\projects\habesha movers\public\truck\wheelR.png",".png","1/12/2026 6:58:30 PM","1/12/2026 3:58:30 PM","1/31/2026 9:30:47 AM","1/31/2026 6:30:47 AM","6/22/2015 3:27:32 PM","6/22/2015 12:27:32 PM","Archive"
"Microsoft.PowerShell.Core\FileSystem::C:\Users\IT PC 2\Documents\projects\habesha movers\public\truck\wheelR0.png","Microsoft.PowerShell.Core\FileSystem::C:\Users\IT PC 2\Documents\projects\habesha movers\public\truck","wheelR0.png","C","Microsoft.PowerShell.Core\FileSystem","False","-a----","File:             C:\Users\IT PC 2\Documents\projects\habesha movers\public\truck\wheelR0.png
InternalName:     
OriginalFilename: 
FileVersion:      
FileDescription:  
Product:          
ProductVersion:   
Debug:            False
Patched:          False
PreRelease:       False
PrivateBuild:     False
SpecialBuild:     False
Language:         
","wheelR0","System.Collections.Generic.List`1[System.String]",,"wheelR0.png","16423","C:\Users\IT PC 2\Documents\projects\habesha movers\public\truck","C:\Users\IT PC 2\Documents\projects\habesha movers\public\truck","False","True","C:\Users\IT PC 2\Documents\projects\habesha movers\public\truck\wheelR0.png",".png","1/12/2026 6:58:30 PM","1/12/2026 3:58:30 PM","1/31/2026 9:30:47 AM","1/31/2026 6:30:47 AM","6/22/2015 3:27:32 PM","6/22/2015 12:27:32 PM","Archive"
"Microsoft.PowerShell.Core\FileSystem::C:\Users\IT PC 2\Documents\projects\habesha movers\public\truck\wheelR0_a.png","Microsoft.PowerShell.Core\FileSystem::C:\Users\IT PC 2\Documents\projects\habesha movers\public\truck","wheelR0_a.png","C","Microsoft.PowerShell.Core\FileSystem","False","-a----","File:             C:\Users\IT PC 2\Documents\projects\habesha movers\public\truck\wheelR0_a.png
InternalName:     
OriginalFilename: 
FileVersion:      
FileDescription:  
Product:          
ProductVersion:   
Debug:            False
Patched:          False
PreRelease:       False
PrivateBuild:     False
SpecialBuild:     False
Language:         
","wheelR0_a","System.Collections.Generic.List`1[System.String]",,"wheelR0_a.png","1342","C:\Users\IT PC 2\Documents\projects\habesha movers\public\truck","C:\Users\IT PC 2\Documents\projects\habesha movers\public\truck","False","True","C:\Users\IT PC 2\Documents\projects\habesha movers\public\truck\wheelR0_a.png",".png","1/12/2026 6:58:30 PM","1/12/2026 3:58:30 PM","1/31/2026 9:30:47 AM","1/31/2026 6:30:47 AM","6/22/2015 3:02:52 PM","6/22/2015 12:02:52 PM","Archive"
"Microsoft.PowerShell.Core\FileSystem::C:\Users\IT PC 2\Documents\projects\habesha movers\public\truck\wheelR1.png","Microsoft.PowerShell.Core\FileSystem::C:\Users\IT PC 2\Documents\projects\habesha movers\public\truck","wheelR1.png","C","Microsoft.PowerShell.Core\FileSystem","False","-a----","File:             C:\Users\IT PC 2\Documents\projects\habesha movers\public\truck\wheelR1.png
InternalName:     
OriginalFilename: 
FileVersion:      
FileDescription:  
Product:          
ProductVersion:   
Debug:            False
Patched:          False
PreRelease:       False
PrivateBuild:     False
SpecialBuild:     False
Language:         
","wheelR1","System.Collections.Generic.List`1[System.String]",,"wheelR1.png","17227","C:\Users\IT PC 2\Documents\projects\habesha movers\public\truck","C:\Users\IT PC 2\Documents\projects\habesha movers\public\truck","False","True","C:\Users\IT PC 2\Documents\projects\habesha movers\public\truck\wheelR1.png",".png","1/12/2026 6:58:30 PM","1/12/2026 3:58:30 PM","1/31/2026 9:30:47 AM","1/31/2026 6:30:47 AM","6/22/2015 3:27:32 PM","6/22/2015 12:27:32 PM","Archive"
"Microsoft.PowerShell.Core\FileSystem::C:\Users\IT PC 2\Documents\projects\habesha movers\public\truck\wheelR1_a.png","Microsoft.PowerShell.Core\FileSystem::C:\Users\IT PC 2\Documents\projects\habesha movers\public\truck","wheelR1_a.png","C","Microsoft.PowerShell.Core\FileSystem","False","-a----","File:             C:\Users\IT PC 2\Documents\projects\habesha movers\public\truck\wheelR1_a.png
InternalName:     
OriginalFilename: 
FileVersion:      
FileDescription:  
Product:          
ProductVersion:   
Debug:            False
Patched:          False
PreRelease:       False
PrivateBuild:     False
SpecialBuild:     False
Language:         
","wheelR1_a","System.Collections.Generic.List`1[System.String]",,"wheelR1_a.png","3478","C:\Users\IT PC 2\Documents\projects\habesha movers\public\truck","C:\Users\IT PC 2\Documents\projects\habesha movers\public\truck","False","True","C:\Users\IT PC 2\Documents\projects\habesha movers\public\truck\wheelR1_a.png",".png","1/12/2026 6:58:30 PM","1/12/2026 3:58:30 PM","1/31/2026 9:30:46 AM","1/31/2026 6:30:46 AM","6/22/2015 3:02:52 PM","6/22/2015 12:02:52 PM","Archive"
"Microsoft.PowerShell.Core\FileSystem::C:\Users\IT PC 2\Documents\projects\habesha movers\public\truck\wheelR2.png","Microsoft.PowerShell.Core\FileSystem::C:\Users\IT PC 2\Documents\projects\habesha movers\public\truck","wheelR2.png","C","Microsoft.PowerShell.Core\FileSystem","False","-a----","File:             C:\Users\IT PC 2\Documents\projects\habesha movers\public\truck\wheelR2.png
InternalName:     
OriginalFilename: 
FileVersion:      
FileDescription:  
Product:          
ProductVersion:   
Debug:            False
Patched:          False
PreRelease:       False
PrivateBuild:     False
SpecialBuild:     False
Language:         
","wheelR2","System.Collections.Generic.List`1[System.String]",,"wheelR2.png","16449","C:\Users\IT PC 2\Documents\projects\habesha movers\public\truck","C:\Users\IT PC 2\Documents\projects\habesha movers\public\truck","False","True","C:\Users\IT PC 2\Documents\projects\habesha movers\public\truck\wheelR2.png",".png","1/12/2026 6:58:30 PM","1/12/2026 3:58:30 PM","1/31/2026 9:30:47 AM","1/31/2026 6:30:47 AM","6/22/2015 3:27:32 PM","6/22/2015 12:27:32 PM","Archive"
"Microsoft.PowerShell.Core\FileSystem::C:\Users\IT PC 2\Documents\projects\habesha movers\public\truck\wheelR2_a.png","Microsoft.PowerShell.Core\FileSystem::C:\Users\IT PC 2\Documents\projects\habesha movers\public\truck","wheelR2_a.png","C","Microsoft.PowerShell.Core\FileSystem","False","-a----","File:             C:\Users\IT PC 2\Documents\projects\habesha movers\public\truck\wheelR2_a.png
InternalName:     
OriginalFilename: 
FileVersion:      
FileDescription:  
Product:          
ProductVersion:   
Debug:            False
Patched:          False
PreRelease:       False
PrivateBuild:     False
SpecialBuild:     False
Language:         
","wheelR2_a","System.Collections.Generic.List`1[System.String]",,"wheelR2_a.png","3595","C:\Users\IT PC 2\Documents\projects\habesha movers\public\truck","C:\Users\IT PC 2\Documents\projects\habesha movers\public\truck","False","True","C:\Users\IT PC 2\Documents\projects\habesha movers\public\truck\wheelR2_a.png",".png","1/12/2026 6:58:30 PM","1/12/2026 3:58:30 PM","1/31/2026 9:30:47 AM","1/31/2026 6:30:47 AM","6/22/2015 3:02:52 PM","6/22/2015 12:02:52 PM","Archive"
"Microsoft.PowerShell.Core\FileSystem::C:\Users\IT PC 2\Documents\projects\habesha movers\public\truck\wheelR3.png","Microsoft.PowerShell.Core\FileSystem::C:\Users\IT PC 2\Documents\projects\habesha movers\public\truck","wheelR3.png","C","Microsoft.PowerShell.Core\FileSystem","False","-a----","File:             C:\Users\IT PC 2\Documents\projects\habesha movers\public\truck\wheelR3.png
InternalName:     
OriginalFilename: 
FileVersion:      
FileDescription:  
Product:          
ProductVersion:   
Debug:            False
Patched:          False
PreRelease:       False
PrivateBuild:     False
SpecialBuild:     False
Language:         
","wheelR3","System.Collections.Generic.List`1[System.String]",,"wheelR3.png","10692","C:\Users\IT PC 2\Documents\projects\habesha movers\public\truck","C:\Users\IT PC 2\Documents\projects\habesha movers\public\truck","False","True","C:\Users\IT PC 2\Documents\projects\habesha movers\public\truck\wheelR3.png",".png","1/12/2026 6:58:30 PM","1/12/2026 3:58:30 PM","1/31/2026 9:30:47 AM","1/31/2026 6:30:47 AM","6/22/2015 3:27:32 PM","6/22/2015 12:27:32 PM","Archive"
"Microsoft.PowerShell.Core\FileSystem::C:\Users\IT PC 2\Documents\projects\habesha movers\public\truck\wheelR3_a.png","Microsoft.PowerShell.Core\FileSystem::C:\Users\IT PC 2\Documents\projects\habesha movers\public\truck","wheelR3_a.png","C","Microsoft.PowerShell.Core\FileSystem","False","-a----","File:             C:\Users\IT PC 2\Documents\projects\habesha movers\public\truck\wheelR3_a.png
InternalName:     
OriginalFilename: 
FileVersion:      
FileDescription:  
Product:          
ProductVersion:   
Debug:            False
Patched:          False
PreRelease:       False
PrivateBuild:     False
SpecialBuild:     False
Language:         
","wheelR3_a","System.Collections.Generic.List`1[System.String]",,"wheelR3_a.png","2896","C:\Users\IT PC 2\Documents\projects\habesha movers\public\truck","C:\Users\IT PC 2\Documents\projects\habesha movers\public\truck","False","True","C:\Users\IT PC 2\Documents\projects\habesha movers\public\truck\wheelR3_a.png",".png","1/12/2026 6:58:31 PM","1/12/2026 3:58:31 PM","1/31/2026 9:30:47 AM","1/31/2026 6:30:47 AM","6/22/2015 3:02:52 PM","6/22/2015 12:02:52 PM","Archive"
"Microsoft.PowerShell.Core\FileSystem::C:\Users\IT PC 2\Documents\projects\habesha movers\public\truck\wheelR_a.png","Microsoft.PowerShell.Core\FileSystem::C:\Users\IT PC 2\Documents\projects\habesha movers\public\truck","wheelR_a.png","C","Microsoft.PowerShell.Core\FileSystem","False","-a----","File:             C:\Users\IT PC 2\Documents\projects\habesha movers\public\truck\wheelR_a.png
InternalName:     
OriginalFilename: 
FileVersion:      
FileDescription:  
Product:          
ProductVersion:   
Debug:            False
Patched:          False
PreRelease:       False
PrivateBuild:     False
SpecialBuild:     False
Language:         
","wheelR_a","System.Collections.Generic.List`1[System.String]",,"wheelR_a.png","377","C:\Users\IT PC 2\Documents\projects\habesha movers\public\truck","C:\Users\IT PC 2\Documents\projects\habesha movers\public\truck","False","True","C:\Users\IT PC 2\Documents\projects\habesha movers\public\truck\wheelR_a.png",".png","1/12/2026 6:58:31 PM","1/12/2026 3:58:31 PM","1/31/2026 9:30:46 AM","1/31/2026 6:30:46 AM","6/22/2015 3:02:52 PM","6/22/2015 12:02:52 PM","Archive"
"Microsoft.PowerShell.Core\FileSystem::C:\Users\IT PC 2\Documents\projects\habesha movers\public\truck\wheel_a.jpg","Microsoft.PowerShell.Core\FileSystem::C:\Users\IT PC 2\Documents\projects\habesha movers\public\truck","wheel_a.jpg","C","Microsoft.PowerShell.Core\FileSystem","False","-a----","File:             C:\Users\IT PC 2\Documents\projects\habesha movers\public\truck\wheel_a.jpg
InternalName:     
OriginalFilename: 
FileVersion:      
FileDescription:  
Product:          
ProductVersion:   
Debug:            False
Patched:          False
PreRelease:       False
PrivateBuild:     False
SpecialBuild:     False
Language:         
","wheel_a","System.Collections.Generic.List`1[System.String]",,"wheel_a.jpg","1142","C:\Users\IT PC 2\Documents\projects\habesha movers\public\truck","C:\Users\IT PC 2\Documents\projects\habesha movers\public\truck","False","True","C:\Users\IT PC 2\Documents\projects\habesha movers\public\truck\wheel_a.jpg",".jpg","1/12/2026 6:58:31 PM","1/12/2026 3:58:31 PM","1/31/2026 9:30:46 AM","1/31/2026 6:30:46 AM","1/31/2019 8:44:56 AM","1/31/2019 5:44:56 AM","Archive"
"Microsoft.PowerShell.Core\FileSystem::C:\Users\IT PC 2\Documents\projects\habesha movers\public\truck\wheel_a.png","Microsoft.PowerShell.Core\FileSystem::C:\Users\IT PC 2\Documents\projects\habesha movers\public\truck","wheel_a.png","C","Microsoft.PowerShell.Core\FileSystem","False","-a----","File:             C:\Users\IT PC 2\Documents\projects\habesha movers\public\truck\wheel_a.png
InternalName:     
OriginalFilename: 
FileVersion:      
FileDescription:  
Product:          
ProductVersion:   
Debug:            False
Patched:          False
PreRelease:       False
PrivateBuild:     False
SpecialBuild:     False
Language:         
","wheel_a","System.Collections.Generic.List`1[System.String]",,"wheel_a.png","387","C:\Users\IT PC 2\Documents\projects\habesha movers\public\truck","C:\Users\IT PC 2\Documents\projects\habesha movers\public\truck","False","True","C:\Users\IT PC 2\Documents\projects\habesha movers\public\truck\wheel_a.png",".png","1/12/2026 6:58:31 PM","1/12/2026 3:58:31 PM","1/31/2026 9:30:46 AM","1/31/2026 6:30:46 AM","6/22/2015 3:02:38 PM","6/22/2015 12:02:38 PM","Archive"
"Microsoft.PowerShell.Core\FileSystem::C:\Users\IT PC 2\Documents\projects\habesha movers\public\truck\wheel_LOD0.png","Microsoft.PowerShell.Core\FileSystem::C:\Users\IT PC 2\Documents\projects\habesha movers\public\truck","wheel_LOD0.png","C","Microsoft.PowerShell.Core\FileSystem","False","-a----","File:             C:\Users\IT PC 2\Documents\projects\habesha movers\public\truck\wheel_LOD0.png
InternalName:     
OriginalFilename: 
FileVersion:      
FileDescription:  
Product:          
ProductVersion:   
Debug:            False
Patched:          False
PreRelease:       False
PrivateBuild:     False
SpecialBuild:     False
Language:         
","wheel_LOD0","System.Collections.Generic.List`1[System.String]",,"wheel_LOD0.png","71320","C:\Users\IT PC 2\Documents\projects\habesha movers\public\truck","C:\Users\IT PC 2\Documents\projects\habesha movers\public\truck","False","True","C:\Users\IT PC 2\Documents\projects\habesha movers\public\truck\wheel_LOD0.png",".png","1/12/2026 6:58:31 PM","1/12/2026 3:58:31 PM","1/31/2026 9:30:47 AM","1/31/2026 6:30:47 AM","6/22/2015 3:27:32 PM","6/22/2015 12:27:32 PM","Archive"
"Microsoft.PowerShell.Core\FileSystem::C:\Users\IT PC 2\Documents\projects\habesha movers\public\truck\wheel_LOD0_a.png","Microsoft.PowerShell.Core\FileSystem::C:\Users\IT PC 2\Documents\projects\habesha movers\public\truck","wheel_LOD0_a.png","C","Microsoft.PowerShell.Core\FileSystem","False","-a----","File:             C:\Users\IT PC 2\Documents\projects\habesha movers\public\truck\wheel_LOD0_a.png
InternalName:     
OriginalFilename: 
FileVersion:      
FileDescription:  
Product:          
ProductVersion:   
Debug:            False
Patched:          False
PreRelease:       False
PrivateBuild:     False
SpecialBuild:     False
Language:         
","wheel_LOD0_a","System.Collections.Generic.List`1[System.String]",,"wheel_LOD0_a.png","3501","C:\Users\IT PC 2\Documents\projects\habesha movers\public\truck","C:\Users\IT PC 2\Documents\projects\habesha movers\public\truck","False","True","C:\Users\IT PC 2\Documents\projects\habesha movers\public\truck\wheel_LOD0_a.png",".png","1/12/2026 6:58:31 PM","1/12/2026 3:58:31 PM","1/31/2026 9:30:46 AM","1/31/2026 6:30:46 AM","6/22/2015 3:02:42 PM","6/22/2015 12:02:42 PM","Archive"
"Microsoft.PowerShell.Core\FileSystem::C:\Users\IT PC 2\Documents\projects\habesha movers\public\truck\WL1.max","Microsoft.PowerShell.Core\FileSystem::C:\Users\IT PC 2\Documents\projects\habesha movers\public\truck","WL1.max","C","Microsoft.PowerShell.Core\FileSystem","False","-a----","File:             C:\Users\IT PC 2\Documents\projects\habesha movers\public\truck\WL1.max
InternalName:     
OriginalFilename: 
FileVersion:      
FileDescription:  
Product:          
ProductVersion:   
Debug:            False
Patched:          False
PreRelease:       False
PrivateBuild:     False
SpecialBuild:     False
Language:         
","WL1","System.Collections.Generic.List`1[System.String]",,"WL1.max","113152","C:\Users\IT PC 2\Documents\projects\habesha movers\public\truck","C:\Users\IT PC 2\Documents\projects\habesha movers\public\truck","False","True","C:\Users\IT PC 2\Documents\projects\habesha movers\public\truck\WL1.max",".max","1/12/2026 6:58:31 PM","1/12/2026 3:58:31 PM","1/31/2026 9:30:47 AM","1/31/2026 6:30:47 AM","6/30/2015 2:02:12 PM","6/30/2015 11:02:12 AM","Archive"
